DeliveryDate,TradeDate,StartTime,EndTime,LoadForecastROI,LoadForecastNI,AggregatedForecast
2025-01-02,2025-01-03,2025-01-02T23:00:00,2025-01-02T23:30:00,3965,827,4792
2025-01-02,2025-01-03,2025-01-02T23:30:00,2025-01-03T00:00:00,3922,779,4701
2025-01-03,2025-01-03,2025-01-03T00:00:00,2025-01-03T00:30:00,3968,717,4685
2025-01-03,2025-01-03,2025-01-03T00:30:00,2025-01-03T01:00:00,3873,686,4559
2025-01-03,2025-01-03,2025-01-03T01:00:00,2025-01-03T01:30:00,3770,666,4436
2025-01-03,2025-01-03,2025-01-03T01:30:00,2025-01-03T02:00:00,3708,664,4372
2025-01-03,2025-01-03,2025-01-03T02:00:00,2025-01-03T02:30:00,3629,646,4275
2025-01-03,2025-01-03,2025-01-03T02:30:00,2025-01-03T03:00:00,3610,627,4237
2025-01-03,2025-01-03,2025-01-03T03:00:00,2025-01-03T03:30:00,3572,619,4191
2025-01-03,2025-01-03,2025-01-03T03:30:00,2025-01-03T04:00:00,3533,612,4145
2025-01-03,2025-01-03,2025-01-03T04:00:00,2025-01-03T04:30:00,3532,610,4142
2025-01-03,2025-01-03,2025-01-03T04:30:00,2025-01-03T05:00:00,3500,619,4119
2025-01-03,2025-01-03,2025-01-03T05:00:00,2025-01-03T05:30:00,3530,622,4152
2025-01-03,2025-01-03,2025-01-03T05:30:00,2025-01-03T06:00:00,3577,637,4214
2025-01-03,2025-01-03,2025-01-03T06:00:00,2025-01-03T06:30:00,3704,671,4375
2025-01-03,2025-01-03,2025-01-03T06:30:00,2025-01-03T07:00:00,3885,734,4619
2025-01-03,2025-01-03,2025-01-03T07:00:00,2025-01-03T07:30:00,4078,806,4884
2025-01-03,2025-01-03,2025-01-03T07:30:00,2025-01-03T08:00:00,4304,891,5195
2025-01-03,2025-01-03,2025-01-03T08:00:00,2025-01-03T08:30:00,4495,957,5452
2025-01-03,2025-01-03,2025-01-03T08:30:00,2025-01-03T09:00:00,4607,998,5605
2025-01-03,2025-01-03,2025-01-03T09:00:00,2025-01-03T09:30:00,4741,1042,5783
2025-01-03,2025-01-03,2025-01-03T09:30:00,2025-01-03T10:00:00,4858,1075,5933
2025-01-03,2025-01-03,2025-01-03T10:00:00,2025-01-03T10:30:00,4877,1090,5967
2025-01-03,2025-01-03,2025-01-03T10:30:00,2025-01-03T11:00:00,4866,1106,5972
2025-01-03,2025-01-03,2025-01-03T11:00:00,2025-01-03T11:30:00,4849,1118,5967
2025-01-03,2025-01-03,2025-01-03T11:30:00,2025-01-03T12:00:00,4838,1111,5949
2025-01-03,2025-01-03,2025-01-03T12:00:00,2025-01-03T12:30:00,4828,1111,5939
2025-01-03,2025-01-03,2025-01-03T12:30:00,2025-01-03T13:00:00,4838,1108,5946
2025-01-03,2025-01-03,2025-01-03T13:00:00,2025-01-03T13:30:00,4828,1099,5927
2025-01-03,2025-01-03,2025-01-03T13:30:00,2025-01-03T14:00:00,4771,1077,5848
2025-01-03,2025-01-03,2025-01-03T14:00:00,2025-01-03T14:30:00,4728,1070,5798
2025-01-03,2025-01-03,2025-01-03T14:30:00,2025-01-03T15:00:00,4738,1058,5796
2025-01-03,2025-01-03,2025-01-03T15:00:00,2025-01-03T15:30:00,4747,1072,5819
2025-01-03,2025-01-03,2025-01-03T15:30:00,2025-01-03T16:00:00,4779,1070,5849
2025-01-03,2025-01-03,2025-01-03T16:00:00,2025-01-03T16:30:00,4818,1099,5917
2025-01-03,2025-01-03,2025-01-03T16:30:00,2025-01-03T17:00:00,4935,1173,6108
2025-01-03,2025-01-03,2025-01-03T17:00:00,2025-01-03T17:30:00,5139,1253,6392
2025-01-03,2025-01-03,2025-01-03T17:30:00,2025-01-03T18:00:00,5300,1260,6560
2025-01-03,2025-01-03,2025-01-03T18:00:00,2025-01-03T18:30:00,5275,1230,6505
2025-01-03,2025-01-03,2025-01-03T18:30:00,2025-01-03T19:00:00,5218,1181,6399
2025-01-03,2025-01-03,2025-01-03T19:00:00,2025-01-03T19:30:00,5136,1144,6280
2025-01-03,2025-01-03,2025-01-03T19:30:00,2025-01-03T20:00:00,5046,1085,6131
2025-01-03,2025-01-03,2025-01-03T20:00:00,2025-01-03T20:30:00,4913,1053,5966
2025-01-03,2025-01-03,2025-01-03T20:30:00,2025-01-03T21:00:00,4819,1016,5835
2025-01-03,2025-01-03,2025-01-03T21:00:00,2025-01-03T21:30:00,4704,978,5682
2025-01-03,2025-01-03,2025-01-03T21:30:00,2025-01-03T22:00:00,4551,934,5485
2025-01-03,2025-01-03,2025-01-03T22:00:00,2025-01-03T22:30:00,4405,895,5300
2025-01-03,2025-01-03,2025-01-03T22:30:00,2025-01-03T23:00:00,4262,848,5110
2025-01-03,2025-01-04,2025-01-03T23:00:00,2025-01-03T23:30:00,4158,782,4940
2025-01-03,2025-01-04,2025-01-03T23:30:00,2025-01-04T00:00:00,4169,720,4889
2025-01-04,2025-01-04,2025-01-04T00:00:00,2025-01-04T00:30:00,4024,680,4704
2025-01-04,2025-01-04,2025-01-04T00:30:00,2025-01-04T01:00:00,3941,645,4586
2025-01-04,2025-01-04,2025-01-04T01:00:00,2025-01-04T01:30:00,3842,624,4466
2025-01-04,2025-01-04,2025-01-04T01:30:00,2025-01-04T02:00:00,3753,639,4392
2025-01-04,2025-01-04,2025-01-04T02:00:00,2025-01-04T02:30:00,3667,603,4270
2025-01-04,2025-01-04,2025-01-04T02:30:00,2025-01-04T03:00:00,3656,597,4253
2025-01-04,2025-01-04,2025-01-04T03:00:00,2025-01-04T03:30:00,3606,595,4201
2025-01-04,2025-01-04,2025-01-04T03:30:00,2025-01-04T04:00:00,3571,586,4157
2025-01-04,2025-01-04,2025-01-04T04:00:00,2025-01-04T04:30:00,3541,590,4131
2025-01-04,2025-01-04,2025-01-04T04:30:00,2025-01-04T05:00:00,3500,575,4075
2025-01-04,2025-01-04,2025-01-04T05:00:00,2025-01-04T05:30:00,3514,572,4086
2025-01-04,2025-01-04,2025-01-04T05:30:00,2025-01-04T06:00:00,3534,575,4109
2025-01-04,2025-01-04,2025-01-04T06:00:00,2025-01-04T06:30:00,3580,598,4178
2025-01-04,2025-01-04,2025-01-04T06:30:00,2025-01-04T07:00:00,3659,632,4291
2025-01-04,2025-01-04,2025-01-04T07:00:00,2025-01-04T07:30:00,3727,674,4401
2025-01-04,2025-01-04,2025-01-04T07:30:00,2025-01-04T08:00:00,3830,713,4543
2025-01-04,2025-01-04,2025-01-04T08:00:00,2025-01-04T08:30:00,3945,764,4709
2025-01-04,2025-01-04,2025-01-04T08:30:00,2025-01-04T09:00:00,4027,797,4824
2025-01-04,2025-01-04,2025-01-04T09:00:00,2025-01-04T09:30:00,4168,854,5022
2025-01-04,2025-01-04,2025-01-04T09:30:00,2025-01-04T10:00:00,4322,909,5231
2025-01-04,2025-01-04,2025-01-04T10:00:00,2025-01-04T10:30:00,4388,948,5336
2025-01-04,2025-01-04,2025-01-04T10:30:00,2025-01-04T11:00:00,4456,975,5431
2025-01-04,2025-01-04,2025-01-04T11:00:00,2025-01-04T11:30:00,4472,995,5467
2025-01-04,2025-01-04,2025-01-04T11:30:00,2025-01-04T12:00:00,4483,1011,5494
2025-01-04,2025-01-04,2025-01-04T12:00:00,2025-01-04T12:30:00,4480,1028,5508
2025-01-04,2025-01-04,2025-01-04T12:30:00,2025-01-04T13:00:00,4472,1038,5510
2025-01-04,2025-01-04,2025-01-04T13:00:00,2025-01-04T13:30:00,4458,1031,5489
2025-01-04,2025-01-04,2025-01-04T13:30:00,2025-01-04T14:00:00,4428,1018,5446
2025-01-04,2025-01-04,2025-01-04T14:00:00,2025-01-04T14:30:00,4389,977,5366
2025-01-04,2025-01-04,2025-01-04T14:30:00,2025-01-04T15:00:00,4368,968,5336
2025-01-04,2025-01-04,2025-01-04T15:00:00,2025-01-04T15:30:00,4369,953,5322
2025-01-04,2025-01-04,2025-01-04T15:30:00,2025-01-04T16:00:00,4409,971,5380
2025-01-04,2025-01-04,2025-01-04T16:00:00,2025-01-04T16:30:00,4476,1010,5486
2025-01-04,2025-01-04,2025-01-04T16:30:00,2025-01-04T17:00:00,4623,1075,5698
2025-01-04,2025-01-04,2025-01-04T17:00:00,2025-01-04T17:30:00,4880,1094,5974
2025-01-04,2025-01-04,2025-01-04T17:30:00,2025-01-04T18:00:00,5041,1122,6163
2025-01-04,2025-01-04,2025-01-04T18:00:00,2025-01-04T18:30:00,5060,1083,6143
2025-01-04,2025-01-04,2025-01-04T18:30:00,2025-01-04T19:00:00,4976,1035,6011
2025-01-04,2025-01-04,2025-01-04T19:00:00,2025-01-04T19:30:00,4889,1000,5889
2025-01-04,2025-01-04,2025-01-04T19:30:00,2025-01-04T20:00:00,4806,958,5764
2025-01-04,2025-01-04,2025-01-04T20:00:00,2025-01-04T20:30:00,4698,912,5610
2025-01-04,2025-01-04,2025-01-04T20:30:00,2025-01-04T21:00:00,4619,876,5495
2025-01-04,2025-01-04,2025-01-04T21:00:00,2025-01-04T21:30:00,4516,829,5345
2025-01-04,2025-01-04,2025-01-04T21:30:00,2025-01-04T22:00:00,4417,794,5211
2025-01-04,2025-01-04,2025-01-04T22:00:00,2025-01-04T22:30:00,4289,773,5062
2025-01-04,2025-01-04,2025-01-04T22:30:00,2025-01-04T23:00:00,4183,722,4905
2025-01-04,2025-01-05,2025-01-04T23:00:00,2025-01-04T23:30:00,4110,646,4756
2025-01-04,2025-01-05,2025-01-04T23:30:00,2025-01-05T00:00:00,4110,603,4713
2025-01-05,2025-01-05,2025-01-05T00:00:00,2025-01-05T00:30:00,3934,569,4503
2025-01-05,2025-01-05,2025-01-05T00:30:00,2025-01-05T01:00:00,3851,539,4390
2025-01-05,2025-01-05,2025-01-05T01:00:00,2025-01-05T01:30:00,3765,533,4298
2025-01-05,2025-01-05,2025-01-05T01:30:00,2025-01-05T02:00:00,3695,537,4232
2025-01-05,2025-01-05,2025-01-05T02:00:00,2025-01-05T02:30:00,3635,525,4160
2025-01-05,2025-01-05,2025-01-05T02:30:00,2025-01-05T03:00:00,3607,516,4123
2025-01-05,2025-01-05,2025-01-05T03:00:00,2025-01-05T03:30:00,3562,499,4061
2025-01-05,2025-01-05,2025-01-05T03:30:00,2025-01-05T04:00:00,3528,485,4013
2025-01-05,2025-01-05,2025-01-05T04:00:00,2025-01-05T04:30:00,3498,475,3973
2025-01-05,2025-01-05,2025-01-05T04:30:00,2025-01-05T05:00:00,3484,473,3957
2025-01-05,2025-01-05,2025-01-05T05:00:00,2025-01-05T05:30:00,3470,472,3942
2025-01-05,2025-01-05,2025-01-05T05:30:00,2025-01-05T06:00:00,3475,476,3951
2025-01-05,2025-01-05,2025-01-05T06:00:00,2025-01-05T06:30:00,3501,499,4000
2025-01-05,2025-01-05,2025-01-05T06:30:00,2025-01-05T07:00:00,3539,523,4062
2025-01-05,2025-01-05,2025-01-05T07:00:00,2025-01-05T07:30:00,3595,551,4146
2025-01-05,2025-01-05,2025-01-05T07:30:00,2025-01-05T08:00:00,3648,584,4232
2025-01-05,2025-01-05,2025-01-05T08:00:00,2025-01-05T08:30:00,3725,634,4359
2025-01-05,2025-01-05,2025-01-05T08:30:00,2025-01-05T09:00:00,3772,667,4439
2025-01-05,2025-01-05,2025-01-05T09:00:00,2025-01-05T09:30:00,3880,702,4582
2025-01-05,2025-01-05,2025-01-05T09:30:00,2025-01-05T10:00:00,4021,758,4779
2025-01-05,2025-01-05,2025-01-05T10:00:00,2025-01-05T10:30:00,4142,801,4943
2025-01-05,2025-01-05,2025-01-05T10:30:00,2025-01-05T11:00:00,4240,832,5072
2025-01-05,2025-01-05,2025-01-05T11:00:00,2025-01-05T11:30:00,4297,839,5136
2025-01-05,2025-01-05,2025-01-05T11:30:00,2025-01-05T12:00:00,4330,873,5203
2025-01-05,2025-01-05,2025-01-05T12:00:00,2025-01-05T12:30:00,4363,895,5258
2025-01-05,2025-01-05,2025-01-05T12:30:00,2025-01-05T13:00:00,4409,925,5334
2025-01-05,2025-01-05,2025-01-05T13:00:00,2025-01-05T13:30:00,4428,934,5362
2025-01-05,2025-01-05,2025-01-05T13:30:00,2025-01-05T14:00:00,4429,930,5359
2025-01-05,2025-01-05,2025-01-05T14:00:00,2025-01-05T14:30:00,4397,909,5306
2025-01-05,2025-01-05,2025-01-05T14:30:00,2025-01-05T15:00:00,4391,900,5291
2025-01-05,2025-01-05,2025-01-05T15:00:00,2025-01-05T15:30:00,4390,908,5298
2025-01-05,2025-01-05,2025-01-05T15:30:00,2025-01-05T16:00:00,4425,917,5342
2025-01-05,2025-01-05,2025-01-05T16:00:00,2025-01-05T16:30:00,4486,937,5423
2025-01-05,2025-01-05,2025-01-05T16:30:00,2025-01-05T17:00:00,4632,1002,5634
2025-01-05,2025-01-05,2025-01-05T17:00:00,2025-01-05T17:30:00,4845,1056,5901
2025-01-05,2025-01-05,2025-01-05T17:30:00,2025-01-05T18:00:00,5000,1066,6066
2025-01-05,2025-01-05,2025-01-05T18:00:00,2025-01-05T18:30:00,4990,1049,6039
2025-01-05,2025-01-05,2025-01-05T18:30:00,2025-01-05T19:00:00,4943,1009,5952
2025-01-05,2025-01-05,2025-01-05T19:00:00,2025-01-05T19:30:00,4899,968,5867
2025-01-05,2025-01-05,2025-01-05T19:30:00,2025-01-05T20:00:00,4817,934,5751
2025-01-05,2025-01-05,2025-01-05T20:00:00,2025-01-05T20:30:00,4739,889,5628
2025-01-05,2025-01-05,2025-01-05T20:30:00,2025-01-05T21:00:00,4639,848,5487
2025-01-05,2025-01-05,2025-01-05T21:00:00,2025-01-05T21:30:00,4529,813,5342
2025-01-05,2025-01-05,2025-01-05T21:30:00,2025-01-05T22:00:00,4409,775,5184
2025-01-05,2025-01-05,2025-01-05T22:00:00,2025-01-05T22:30:00,4249,742,4991
2025-01-05,2025-01-05,2025-01-05T22:30:00,2025-01-05T23:00:00,4120,707,4827
2025-01-05,2025-01-06,2025-01-05T23:00:00,2025-01-05T23:30:00,4012,663,4675
2025-01-05,2025-01-06,2025-01-05T23:30:00,2025-01-06T00:00:00,3962,617,4579
2025-01-06,2025-01-06,2025-01-06T00:00:00,2025-01-06T00:30:00,3860,652,4512
2025-01-06,2025-01-06,2025-01-06T00:30:00,2025-01-06T01:00:00,3776,625,4401
2025-01-06,2025-01-06,2025-01-06T01:00:00,2025-01-06T01:30:00,3704,607,4311
2025-01-06,2025-01-06,2025-01-06T01:30:00,2025-01-06T02:00:00,3631,622,4253
2025-01-06,2025-01-06,2025-01-06T02:00:00,2025-01-06T02:30:00,3573,604,4177
2025-01-06,2025-01-06,2025-01-06T02:30:00,2025-01-06T03:00:00,3576,601,4177
2025-01-06,2025-01-06,2025-01-06T03:00:00,2025-01-06T03:30:00,3527,596,4123
2025-01-06,2025-01-06,2025-01-06T03:30:00,2025-01-06T04:00:00,3529,589,4118
2025-01-06,2025-01-06,2025-01-06T04:00:00,2025-01-06T04:30:00,3502,580,4082
2025-01-06,2025-01-06,2025-01-06T04:30:00,2025-01-06T05:00:00,3500,585,4085
2025-01-06,2025-01-06,2025-01-06T05:00:00,2025-01-06T05:30:00,3509,591,4100
2025-01-06,2025-01-06,2025-01-06T05:30:00,2025-01-06T06:00:00,3587,613,4200
2025-01-06,2025-01-06,2025-01-06T06:00:00,2025-01-06T06:30:00,3702,666,4368
2025-01-06,2025-01-06,2025-01-06T06:30:00,2025-01-06T07:00:00,3922,767,4689
2025-01-06,2025-01-06,2025-01-06T07:00:00,2025-01-06T07:30:00,4209,888,5097
2025-01-06,2025-01-06,2025-01-06T07:30:00,2025-01-06T08:00:00,4549,1023,5572
2025-01-06,2025-01-06,2025-01-06T08:00:00,2025-01-06T08:30:00,4750,1121,5871
2025-01-06,2025-01-06,2025-01-06T08:30:00,2025-01-06T09:00:00,4818,1165,5983
2025-01-06,2025-01-06,2025-01-06T09:00:00,2025-01-06T09:30:00,4889,1192,6081
2025-01-06,2025-01-06,2025-01-06T09:30:00,2025-01-06T10:00:00,5008,1244,6252
2025-01-06,2025-01-06,2025-01-06T10:00:00,2025-01-06T10:30:00,5047,1243,6290
2025-01-06,2025-01-06,2025-01-06T10:30:00,2025-01-06T11:00:00,5051,1247,6298
2025-01-06,2025-01-06,2025-01-06T11:00:00,2025-01-06T11:30:00,5063,1257,6320
2025-01-06,2025-01-06,2025-01-06T11:30:00,2025-01-06T12:00:00,5051,1252,6303
2025-01-06,2025-01-06,2025-01-06T12:00:00,2025-01-06T12:30:00,5031,1252,6283
2025-01-06,2025-01-06,2025-01-06T12:30:00,2025-01-06T13:00:00,5071,1243,6314
2025-01-06,2025-01-06,2025-01-06T13:00:00,2025-01-06T13:30:00,5060,1233,6293
2025-01-06,2025-01-06,2025-01-06T13:30:00,2025-01-06T14:00:00,5020,1189,6209
2025-01-06,2025-01-06,2025-01-06T14:00:00,2025-01-06T14:30:00,5011,1187,6198
2025-01-06,2025-01-06,2025-01-06T14:30:00,2025-01-06T15:00:00,5023,1182,6205
2025-01-06,2025-01-06,2025-01-06T15:00:00,2025-01-06T15:30:00,5041,1178,6219
2025-01-06,2025-01-06,2025-01-06T15:30:00,2025-01-06T16:00:00,5095,1207,6302
2025-01-06,2025-01-06,2025-01-06T16:00:00,2025-01-06T16:30:00,5141,1236,6377
2025-01-06,2025-01-06,2025-01-06T16:30:00,2025-01-06T17:00:00,5307,1313,6620
2025-01-06,2025-01-06,2025-01-06T17:00:00,2025-01-06T17:30:00,5495,1420,6915
2025-01-06,2025-01-06,2025-01-06T17:30:00,2025-01-06T18:00:00,5600,1420,7020
2025-01-06,2025-01-06,2025-01-06T18:00:00,2025-01-06T18:30:00,5539,1350,6889
2025-01-06,2025-01-06,2025-01-06T18:30:00,2025-01-06T19:00:00,5443,1287,6730
2025-01-06,2025-01-06,2025-01-06T19:00:00,2025-01-06T19:30:00,5303,1231,6534
2025-01-06,2025-01-06,2025-01-06T19:30:00,2025-01-06T20:00:00,5204,1190,6394
2025-01-06,2025-01-06,2025-01-06T20:00:00,2025-01-06T20:30:00,5073,1141,6214
2025-01-06,2025-01-06,2025-01-06T20:30:00,2025-01-06T21:00:00,4956,1094,6050
2025-01-06,2025-01-06,2025-01-06T21:00:00,2025-01-06T21:30:00,4860,1056,5916
2025-01-06,2025-01-06,2025-01-06T21:30:00,2025-01-06T22:00:00,4682,987,5669
2025-01-06,2025-01-06,2025-01-06T22:00:00,2025-01-06T22:30:00,4499,932,5431
2025-01-06,2025-01-06,2025-01-06T22:30:00,2025-01-06T23:00:00,4316,855,5171
