dub_temp,dub_wddir,dub_wdsp,dub_msl,don_temp,don_wddir,don_wdsp,don_msl,cla_temp,cla_wddir,cla_wdsp,cla_mls,cor_temp,cor_wddir,cor_wdsp,cor_msl,date,dayInMonth,hour,dayOfWeek,dayOfYear,sin_hour,sin_day,cos_hour,cos_day,index,predictedGeneration,rawTemp
-0.8773670759832949,21.480582701568935,-0.5986284329341345,0.0039375096506113795,-0.908815717884131,4.4037887414339245,-0.7720944053830812,0.005216384905223098,-0.887797430470714,29.325703333720522,-0.7278518870435506,0.003529813216718171,-0.9046154359196678,8.71880474812839,-0.8128470438590054,0.003582327942242665,2022-07-17 19:00:00+00:00,17,19,6,198,-0.9659258262890684,-0.2636654927280072,-0.9659258262890684,-0.2636654927280072,0,21588.604,25.5
-0.8829877516673938,21.531908232851055,-0.668868457170661,0.004134824412728178,-0.9112935516372795,4.770377424898036,-0.9603642444144489,0.0054140675767875915,-0.8934590280157699,29.462820304332677,-0.7935428108606247,0.003825694242727969,-0.9071388370858141,6.958955927504816,-0.7771988617369112,0.00368088262435427,2022-07-17 20:00:00+00:00,17,20,6,198,-0.8660254037844386,-0.2636654927280072,-0.8660254037844386,-0.2636654927280072,1,21699.0,
-0.8875864863180203,21.69614993295384,-0.668868457170661,0.0044307965559035436,-0.9182314861460957,16.738819072068903,-0.9306374277252857,0.0054140675767875915,-0.8986059348749115,28.17163549773493,-0.8498493169895452,0.0042202022774078495,-0.9106715987184191,6.792483741770153,-0.7237265885537699,0.003976546670689084,2022-07-17 21:00:00+00:00,17,21,6,198,-0.7071067811865477,-0.2636654927280072,-0.7071067811865477,-0.2636654927280072,2,23936.414,
-0.8906523094184379,21.911717164338746,-0.668868457170661,0.004726768699078797,-0.9276472544080605,18.843309662325833,-0.8117301609686323,0.00571059158413422,-0.9047822231058813,24.54946219073063,-0.8967714054303124,0.004417456294747678,-0.9111762789516483,6.047322529434045,-0.7771988617369112,0.0038779919885774793,2022-07-17 22:00:00+00:00,17,22,6,198,-0.5000000000000004,-0.2636654927280072,-0.5000000000000004,-0.2636654927280072,3,25216.877,
-0.8952510440690644,21.74747546423596,-0.6989713247006009,0.004825426080137252,-0.9281428211586902,10.907343533260182,-0.8810927332433468,0.00571059158413422,-0.9088997485931946,30.74257869671274,-0.9812311646236932,0.004318829286077708,-0.9111762789516483,5.904632084518619,-0.7682868162063877,0.00368088262435427,2022-07-17 23:00:00+00:00,17,23,6,198,-0.2588190451025207,-0.2636654927280072,-0.2588190451025207,-0.2636654927280072,4,24144.863,
-0.8993388082029546,21.829596314287354,-0.7290741922305408,0.004924083461195707,-0.9276472544080605,11.341819009958387,-0.8018212220722445,0.005611750248351973,-0.9145613461382502,8.038293646184224,-0.9061558231184658,0.004318829286077708,-0.9131949998845654,3.692930188329533,-0.7682868162063877,0.0034837732601311726,2022-07-18 00:00:00+00:00,18,0,0,199,0.0,-0.2802306751992161,0.0,-0.2802306751992161,5,20974.072,
-0.901893660786636,23.63625501541801,-0.8093485056437139,0.004825426080137252,-0.9271516876574308,10.153800128361732,-0.7820033442794689,0.0054140675767875915,-0.9212523250551342,10.929176443257056,-0.9061558231184658,0.00412157526873788,-0.9192511626833166,2.9874052106921534,-0.7593747706758641,0.002990999849573261,2022-07-18 01:00:00+00:00,18,1,0,199,0.25881904510252074,-0.2802306751992161,0.25881904510252074,-0.2802306751992161,6,18807.742,
-0.903937542853581,24.26242649705988,-0.859519951526947,0.0045294539369619986,-0.9261605541561713,9.848309558808307,-0.8018212220722445,0.005018702233658604,-0.9263992319142758,11.500497154141014,-0.8780025700540054,0.003727067234058111,-0.9177371219836288,3.669148447510295,-0.6880784064316757,0.002596781121126842,2022-07-18 02:00:00+00:00,18,2,0,199,0.49999999999999994,-0.2802306751992161,0.49999999999999994,-0.2802306751992161,7,19611.492,
-0.9054704544037898,25.134960528855938,-0.8394513731736538,0.004233481793786633,-0.9276472544080605,10.255630318212873,-0.7919122831758567,0.004722178226311975,-0.9289726853438465,12.551727262167496,-0.9061558231184658,0.0031353051820384023,-0.9177371219836288,3.5819487311730906,-0.6791663609011521,0.002202562392680535,2022-07-18 03:00:00+00:00,18,3,0,199,0.7071067811865475,-0.2802306751992161,0.7071067811865475,-0.2802306751992161,8,20186.352,
-0.9080253069874712,28.63536176229658,-0.8996571082335336,0.0037401948884944695,-0.9286383879093199,10.52038881182584,-0.8018212220722445,0.0046233368905297285,-0.9300020667156749,12.048965036589614,-0.8967714054303124,0.0026421701386886635,-0.9167277615171703,3.7959843985462283,-0.6524302243095814,0.0017097889821226235,2022-07-18 04:00:00+00:00,18,4,0,199,0.8660254037844386,-0.2802306751992161,0.8660254037844386,-0.2802306751992161,9,21303.42,
-0.9131350121548338,3.7527441967243904,-0.859519951526947,0.0035428801263776713,-0.9276472544080605,10.275996356183102,-0.8216390998650199,0.004425654218965347,-0.930516757401589,9.935078406318969,-0.8592337346776987,0.0020504080866689547,-0.9167277615171703,3.692930188329533,-0.6256940877180108,0.0008227968431184052,2022-07-18 05:00:00+00:00,18,5,0,199,0.9659258262890683,-0.2802306751992161,0.9659258262890683,-0.2802306751992161,10,16397.887,
-0.9070033659539987,1.4944208203110734,-0.8996571082335336,0.0035428801263776713,-0.9226915869017632,10.29636239415333,-0.8513659165541834,0.004425654218965347,-0.9227963971128766,10.506399117202927,-0.7841583931724712,0.0017545270606591564,-0.9116809591848776,4.295400955750216,-0.5900459055959166,0.0005271327967837031,2022-07-18 06:00:00+00:00,18,6,0,199,1.0,-0.2802306751992161,1.0,-0.2802306751992161,11,11212.744,
-0.8921852209686468,2.500401233440642,-0.859519951526947,0.003345565364260761,-0.9157536523929471,3.5959359019482005,-0.9207284888288977,0.0043268128831831,-0.9114732020227654,10.03791613427808,-0.709083051667244,0.0013600190259792757,-0.9025967149867506,4.85823548847217,-0.5543977234738224,0.0002314687504488889,2022-07-18 07:00:00+00:00,18,7,0,199,0.9659258262890683,-0.2802306751992161,0.9659258262890683,-0.2802306751992161,12,9497.738,
-0.8778780465000311,4.0093718531349944,-0.859519951526947,0.0030495932210855077,-0.9122846851385391,2.3400302271174516,-0.8513659165541834,0.004030288875836359,-0.9006646976185679,11.351953769311184,-0.6715453809146302,0.0011627650086394475,-0.8965405521879994,5.579614959989041,-0.483101359229634,3.43593862257915e-05,2022-07-18 08:00:00+00:00,18,8,0,199,0.8660254037844387,-0.2802306751992161,0.8660254037844387,-0.2802306751992161,13,8963.765,
-0.8666366951318332,6.185574379496919,-0.9197256865868269,0.0028522784589685973,-0.9098068513853905,2.523324568849506,-0.7126407720047545,0.003931447540054224,-0.8847092863552292,12.905946102915552,-0.6809297986027836,0.0009655109912995073,-0.8914937498557067,5.833286862060907,-0.39398090392439844,-0.0002613046601090227,2022-07-18 09:00:00+00:00,18,9,0,199,0.7071067811865476,-0.2802306751992161,0.7071067811865476,-0.2802306751992161,14,9885.183,
-0.8569282553138441,9.275371362680593,-0.9197256865868269,0.0024576489347348887,-0.9083201511335013,3.4330075981863732,-0.6234603219372645,0.0037337648684897303,-0.8672098030341479,15.054111975839238,-0.6246232924738631,0.0004723759479497686,-0.8904843893892482,6.300994431505911,-0.4118049949854456,-0.0003598593422206274,2022-07-18 10:00:00+00:00,18,10,0,199,0.49999999999999994,-0.2802306751992161,0.49999999999999994,-0.2802306751992161,15,11537.754,
-0.8395552577448108,16.89208020494733,-0.7090056138772475,0.002161676791559523,-0.9073290176322418,1.7154717293637813,-0.6531871386264279,0.0035360821969252364,-0.8584600613736073,15.591153444070157,-0.5213946979041755,7.78679132700001e-05,-0.8884656684563311,6.483321111120066,-0.4920134047601575,-6.419529588581322e-05,2022-07-18 11:00:00+00:00,18,11,0,199,0.258819045102521,-0.2802306751992161,0.258819045102521,-0.2802306751992161,16,13747.672,
-0.8370004051611294,16.584127017254605,-0.638765589640721,0.00186570464838427,-0.9083201511335013,2.020962298917207,-0.5937335052481012,0.0029430341822319793,-0.8517690824567232,16.27673829713091,-0.4181661033344877,-0.00021801311273979824,-0.8869516277566433,6.776629247890661,-0.5187495413517281,-0.0002613046601090227,2022-07-18 12:00:00+00:00,18,12,0,199,1.2246467991473532e-16,-0.2802306751992161,1.2246467991473532e-16,-0.2802306751992161,17,15327.523,25.0
-0.8456869039456462,13.237702377660323,-0.6789027463473076,0.0017670472673258148,-0.9008866498740554,2.5980000414070106,-0.6333692608336523,0.002448827503320857,-0.8476515569694101,16.13962132651876,-0.4181661033344877,-0.0006125211474196789,-0.8854375870569555,6.808338235649645,-0.5365736324127752,-0.0006555233885553295,2022-07-18 13:00:00+00:00,18,13,0,199,-0.25881904510252035,-0.2802306751992161,-0.25881904510252035,-0.2802306751992161,18,14714.974,
-0.8339345820607118,15.896364898074184,-0.6487998788173677,0.001076445599916853,-0.8845329471032745,4.274803834289146,-0.6531871386264279,0.0015592554812807464,-0.8445634128539251,16.1739005691718,-0.45570377408710144,-0.0012042831994392756,-0.886446947523414,6.546739086638032,-0.483101359229634,-0.0013454061633364504,2022-07-18 14:00:00+00:00,18,14,0,199,-0.5000000000000001,-0.2802306751992161,-0.5000000000000001,-0.2802306751992161,19,14912.527,
-0.8334236115439756,19.60206825664331,-0.5986284329341345,0.0004845013135662344,-0.8661969773299748,10.133434090391503,-0.7423675886939178,0.0007685247950229955,-0.8450781035398393,16.00250435590661,-0.45570377408710144,-0.0017960452514589843,-0.8899797091560189,6.554666333577778,-0.4652772681685869,-0.0019367342560058548,2022-07-18 15:00:00+00:00,18,15,0,199,-0.7071067811865475,-0.2802306751992161,-0.7071067811865475,-0.2802306751992161,20,17507.617,
-0.838022346194602,16.13246234197194,-0.7591770597604807,-8.785591725929194e-06,-0.8612413098236776,10.982019005817685,-0.6432781997300401,7.663544454737909e-05,-0.8476515569694101,15.156949703798352,-0.4838570271515617,-0.0025850613208186334,-0.8940171510218531,6.451612123361082,-0.483101359229634,-0.0024295076665637664,2022-07-18 16:00:00+00:00,18,16,0,199,-0.8660254037844384,-0.2802306751992161,-0.8660254037844384,-0.2802306751992161,21,18197.48,
-0.8467088449791186,11.595285376632457,-0.7591770597604807,-0.0005020724970180928,-0.8711526448362721,14.607173764518333,-0.9207284888288977,-0.0003187298985814964,-0.8517690824567232,15.385477988151935,-0.5589323686567891,-0.003078196364168372,-0.8980545928876873,6.308921678445658,-0.5009254502906811,-0.0027251717128985806,2022-07-18 17:00:00+00:00,18,17,0,199,-0.9659258262890683,-0.2802306751992161,-0.9659258262890683,-0.2802306751992161,22,17294.441,
-0.8610160194477343,10.055519438168831,-0.6588341679940143,-0.0008967020212518012,-0.8840373803526448,3.270079294424546,-0.8711837943469588,-0.0007140952417103719,-0.8594894427454355,14.91699500522709,-0.5683167863449425,-0.0033740773901781707,-0.8985592731209165,5.999759047795569,-0.4741893136991104,-0.0033164998055680967,2022-07-18 18:00:00+00:00,18,18,0,199,-1.0,-0.2802306751992161,-1.0,-0.2802306751992161,23,14115.771,
-0.8727683413326685,9.614119869142593,-0.6186970112874278,-0.0013899889265439648,-0.8914708816120906,4.206917041055052,-0.8711837943469588,-0.0010106192490570004,-0.8687538750918904,15.396904402369612,-0.5870856217212493,-0.0032754503815082005,-0.899568633587375,7.2284823234561735,-0.7326386340842934,-0.0034150544876795897,2022-07-18 19:00:00+00:00,18,19,0,199,-0.9659258262890684,-0.2802306751992161,-0.9659258262890684,-0.2802306751992161,24,12878.622,
-0.8870755158012841,7.797196061755514,-0.7190399030538942,-0.001587303688660875,-0.8894886146095717,5.075867994451461,-0.8315480387614079,-0.0014059845921859883,-0.8775036167524309,16.12819491230108,-0.7184674693553973,-0.003078196364168372,-0.9025967149867506,5.769868886542941,-0.6702543153706285,-0.003710718534014404,2022-07-18 20:00:00+00:00,18,20,0,199,-0.8660254037844386,-0.2802306751992161,-0.8660254037844386,-0.2802306751992161,25,12880.765,
-0.8891193978682291,4.840845459905353,-0.8093485056437139,-0.0016859610697193303,-0.9003910831234258,14.546075650607648,-0.7126407720047545,-0.0010106192490570004,-0.8965471721312548,25.440722499709604,-0.64339212785017,-0.0025850613208186334,-0.9061294766193556,3.677075694450041,-0.7682868162063877,-0.0038092732161260083,2022-07-18 21:00:00+00:00,18,21,0,199,-0.7071067811865477,-0.2802306751992161,-0.7071067811865477,-0.2802306751992161,26,15402.987,
-0.8865645452845479,3.57823739036518,-0.8093485056437139,-0.001587303688660875,-0.9152580856423174,10.343883149417195,-0.6630960775228156,-0.0012083019206214944,-0.9032381510481388,25.703530026716226,-0.7466207224198576,-0.002782315338158462,-0.9101669184851897,-0.42923822033830006,-0.8841434081031938,-0.003907827898237501,2022-07-18 22:00:00+00:00,18,22,0,199,-0.5000000000000004,-0.2802306751992161,-0.5000000000000004,-0.2802306751992161,27,16091.488,
-0.8896303683849655,6.842541179908067,-0.7993142164670672,-0.0017846184507777855,-0.9048511838790932,8.483785014803006,-0.7324586497975301,-0.0016036672637503699,-0.9078703672213662,25.269326286444418,-0.8310804816132383,-0.0026836883294884917,-0.9136996801177947,1.782463675850787,-0.7593747706758641,-0.004597710673018622,2022-07-18 23:00:00+00:00,18,23,0,199,-0.2588190451025207,-0.2802306751992161,-0.2588190451025207,-0.2802306751992161,28,15650.7705,
-0.9003607492364271,8.033293505653269,-0.7391084814071874,-0.0025738774992452025,-0.8924620151133502,11.375762406575433,-0.6135513830408766,-0.0020978739426614924,-0.910443820650937,27.108978975490764,-0.8780025700540054,-0.0032754503815082005,-0.9106715987184191,2.5989701106446077,-0.7237265885537699,-0.005189038765688139,2022-07-19 00:00:00+00:00,19,0,1,200,0.0,-0.2967128192734901,0.0,-0.2967128192734901,29,17004.9,
-0.9054704544037898,7.694544999191272,-0.7993142164670672,-0.0029685070234789107,-0.9276472544080605,16.75918511003913,-0.5838245663517134,-0.0012083019206214944,-0.9130172740805077,24.343786734812404,-0.9343090761829261,-0.004163093459537708,-0.9076435173190434,3.8356206332449574,-0.5276615868822517,-0.006174585586803961,2022-07-19 01:00:00+00:00,19,1,1,200,0.25881904510252074,-0.2967128192734901,0.25881904510252074,-0.2967128192734901,30,18648.48,
-0.9008717197531634,33.080152771328244,-0.8695542407035937,-0.0034617939287710743,-0.9311162216624684,17.159717190120286,-0.6829139553155912,-0.001504825927968123,-0.9155907275100785,23.32683586943896,-0.9343090761829261,-0.004360347476877648,-0.9111762789516483,6.879683458107357,-0.7148145430232464,-0.006076030904692357,2022-07-19 02:00:00+00:00,19,2,1,200,0.49999999999999994,-0.2967128192734901,0.49999999999999994,-0.2967128192734901,31,23905.2,
-0.901893660786636,35.92358720435774,-0.7892799272904206,-0.0043497103582969465,-0.9316117884130982,11.450437879132938,-0.9009106110361222,-0.002196715278443739,-0.9150760368241644,4.0161958415611565,-0.7653895577961645,-0.005839752606926864,-0.9131949998845654,23.6299562417903,-0.839583180450576,-0.005484702812022841,2022-07-19 03:00:00+00:00,19,3,1,200,0.7071067811865475,-0.2967128192734901,0.7071067811865475,-0.2967128192734901,32,26782.473,
-0.9034265723368446,0.4679101946686564,-0.8695542407035937,-0.005138969406764476,-0.9311162216624684,5.8429887579967295,-0.9009106110361222,-0.0030862873004837373,-0.9161054181959926,26.389114879776976,-0.4181661033344877,-0.004656228502887446,-0.9142043603510239,25.794094656340913,-0.6791663609011521,-0.005977476222580752,2022-07-19 04:00:00+00:00,19,4,1,200,0.8660254037844386,-0.2967128192734901,0.8660254037844386,-0.2967128192734901,33,20567.086,24.0
-0.9008717197531634,29.600281750400455,-0.8193827948203605,-0.005533598930998184,-0.9316117884130982,4.8993623320428155,-0.8315480387614079,-0.0032839699720482313,-0.9181641809396492,33.142125682425366,-0.6340077101620165,-0.0051493635462371845,-0.9136996801177947,23.035412721309363,-0.5633097690043459,-0.005780366858357654,2022-07-19 05:00:00+00:00,19,5,1,200,0.9659258262890683,-0.2967128192734901,0.9659258262890683,-0.2967128192734901,34,21179.668,
-0.9029156018201084,28.419794530911673,-0.8494856623503004,-0.005730913693115095,-0.9330984886649875,20.492958737914332,-0.7621854664866934,-0.0025920806215726146,-0.9176494902537351,33.462065280520385,-0.64339212785017,-0.0048534825202273865,-0.9096622382519605,3.058750433149866,-0.8306711349200525,-0.00568181217624605,2022-07-19 06:00:00+00:00,19,6,1,200,1.0,-0.2967128192734901,1.0,-0.2967128192734901,35,28873.8,
-0.8978058966527458,26.335977960857566,-0.6789027463473076,-0.005434941549939729,-0.9326029219143577,19.298151176994267,-0.603642444144489,-0.002196715278443739,-0.9166201088819069,26.949009176443255,-0.5964700394094028,-0.004360347476877648,-0.9071388370858141,26.75329153605016,-0.7237265885537699,-0.007258687090031389,2022-07-19 07:00:00+00:00,19,7,1,200,0.9659258262890683,-0.2967128192734901,0.9659258262890683,-0.2967128192734901,36,30226.732,
-0.8875864863180203,27.33169326773071,-0.668868457170661,-0.005632256312056639,-0.9316117884130982,21.171826670255278,-0.7324586497975301,-0.0020978739426614924,-0.9155907275100785,34.78752932977117,-0.4181661033344877,-0.005445244572247095,-0.8965405521879994,-0.23898429378440014,-0.8930554536337174,-0.006371694951027059,2022-07-19 08:00:00+00:00,19,8,1,200,0.8660254037844387,-0.2967128192734901,0.8660254037844387,-0.2967128192734901,37,28886.744,
-0.87941095805024,24.816742234906787,-0.5584912762275479,-0.005928228455231893,-0.9291339546599495,18.666803999917185,-0.5838245663517134,-0.0011094605848392474,-0.9114732020227654,27.074699732837725,-0.756005140108011,-0.003867212433527909,-0.9061294766193556,10.502435309571203,-0.8128470438590054,-0.005090484083576534,2022-07-19 09:00:00+00:00,19,9,1,200,0.7071067811865476,-0.2967128192734901,0.7071067811865476,-0.2967128192734901,38,28889.242,
-0.8763451349498224,23.656785227930857,-0.5384226978742547,-0.0049416546446475655,-0.9256649874055416,20.567634210471834,-0.5441888107661623,-0.0018013499353148638,-0.9114732020227654,29.862744801951447,-0.6058544570975563,-0.0034727043988481408,-0.9041107556864385,5.516196984471074,-0.7148145430232464,-0.004794820037241831,2022-07-19 10:00:00+00:00,19,10,1,200,0.49999999999999994,-0.2967128192734901,0.49999999999999994,-0.2967128192734901,39,27339.693,
-0.8773670759832949,22.804781408647653,-0.5183541195209614,-0.0044483677393554015,-0.9276472544080605,21.72170969545144,-0.692822894211979,-0.0018013499353148638,-0.9088997485931946,26.46909977930073,-0.7278518870435506,-0.0032754503815082005,-0.9071388370858141,5.722305404904465,-0.5543977234738224,-0.004597710673018622,2022-07-19 11:00:00+00:00,19,11,1,200,0.258819045102521,-0.2967128192734901,0.258819045102521,-0.2967128192734901,40,27254.053,
-0.8860535747678114,23.276976296443163,-0.5885941437574879,-0.003165821785595821,-0.9251694206549118,22.794321028550137,-0.8018212220722445,-0.001999032606879245,-0.9130172740805077,27.56603554419793,-0.6246232924738631,-0.0032754503815082005,-0.9091575580187312,27.53016173614525,-0.8306711349200525,-0.004893374719353324,2022-07-19 12:00:00+00:00,19,12,1,200,1.2246467991473532e-16,-0.2967128192734901,1.2246467991473532e-16,-0.2967128192734901,41,28406.082,
-0.8921852209686468,25.689276266702844,-0.8193827948203605,-0.004053738215121693,-0.9251694206549118,18.157653050661477,-0.7324586497975301,-0.0018013499353148638,-0.8980912441889972,36.0330084794982,-0.5964700394094028,-0.0039658394421978795,-0.9091575580187312,24.248281503090475,-0.6346061332485344,-0.0044006013087954125,2022-07-19 13:00:00+00:00,19,13,1,200,-0.25881904510252035,-0.2967128192734901,-0.25881904510252035,-0.2967128192734901,42,29286.611,
-0.8875864863180203,28.07078091819325,-0.889622819056887,-0.0044483677393554015,-0.9266561209068009,18.40204550630422,-0.6135513830408766,-0.0018013499353148638,-0.8944884093875981,31.862367290045302,-0.5589323686567891,-0.0033740773901781707,-0.9015873545202922,26.40449267070134,-0.6702543153706285,-0.0038092732161260083,2022-07-19 14:00:00+00:00,19,14,1,200,-0.5000000000000001,-0.2967128192734901,-0.5000000000000001,-0.2967128192734901,43,30402.367,
-0.8829877516673938,10.014459013143135,-0.779245638113774,-0.0045470251204138565,-0.9291339546599495,16.02600774311091,-0.603642444144489,-0.0007140952417103719,-0.907355676535452,32.78790684167731,-0.30555309107664663,-0.002782315338158462,-0.9061294766193556,25.32638708689591,-0.5187495413517281,-0.003513609169791194,2022-07-19 15:00:00+00:00,19,15,1,200,-0.7071067811865475,-0.2967128192734901,-0.7071067811865475,-0.2967128192734901,44,26397.242,
-0.8886084273514928,7.407122024011396,-0.6487998788173677,-0.0045470251204138565,-0.9306206549118388,17.53309455290781,-0.4550083606986723,-0.00021988856279924943,-0.9135319647664218,32.85646532698339,-0.4087816856463343,-0.0019932992687989246,-0.9066341568525849,25.08064243176379,-0.402892949454922,-0.002922281077121678,2022-07-19 16:00:00+00:00,19,16,1,200,-0.8660254037844384,-0.2967128192734901,-0.8660254037844384,-0.2967128192734901,45,23310.404,
-0.8886084273514928,34.157988928252784,-0.8494856623503004,-0.0044483677393554015,-0.9306206549118388,17.91326059501874,-0.44509942180228457,-0.0003187298985814964,-0.9197082529973918,32.23943895922871,-0.3618595972055672,-0.001500164225449186,-0.9106715987184191,25.207478382799724,-0.39398090392439844,-0.0020352889381174597,2022-07-19 17:00:00+00:00,19,17,1,200,-0.9659258262890683,-0.2967128192734901,-0.9659258262890683,-0.2967128192734901,46,27643.88,
-0.8840096927008665,28.29661325583458,-0.7090056138772475,-0.0045470251204138565,-0.9330984886649875,18.61928324465332,-0.38564578842395786,-0.0003187298985814964,-0.9243404691706192,32.93645022650714,-0.3806284325818741,-0.000809775164759507,-0.9192511626833166,24.287917737789204,-0.37615681286335134,-0.0013454061633364504,2022-07-19 18:00:00+00:00,19,18,1,200,-1.0,-0.2967128192734901,-1.0,-0.2967128192734901,47,31596.1,
-0.8972949261360095,29.74399323799039,-0.4581483844610815,-0.004744339882530767,-0.9291339546599495,18.707536075857647,-0.43519048290589674,-2.22058912347555e-05,-0.9161054181959926,34.04481240562202,-0.39001285027002747,-0.0006125211474196789,-0.9152137208174824,24.1135183051148,-0.17117976566130957,-0.0009511874348900317,2022-07-19 19:00:00+00:00,19,19,1,200,-0.9659258262890684,-0.2967128192734901,-0.9659258262890684,-0.2967128192734901,48,30931.049,
-0.9044485133703173,30.23671833829875,-0.40797693857784834,-0.003856423453004783,-0.9276472544080605,18.327370033746714,-0.43519048290589674,0.00037315945189412,-0.9191935623114776,33.884842606574516,-0.46508819177525484,-0.0001193861040699402,-0.9157184010507118,24.137300045934037,-0.16226772013078605,-0.00045841402433212006,2022-07-19 20:00:00+00:00,19,20,1,200,-0.8660254037844386,-0.2967128192734901,-0.8660254037844386,-0.2967128192734901,49,31327.95,22.9
-0.9105801595711526,28.707217506091546,-0.4581483844610815,-0.0025738774992452025,-0.9271516876574308,18.449566261568084,-0.425281544009509,0.0008673661308052425,-0.9227963971128766,33.66774073643861,-0.5307791155923288,0.0005710029566197388,-0.9187464824500874,23.986682354078862,-0.224652038844451,0.00042857811467209836,2022-07-19 21:00:00+00:00,19,21,1,200,-0.7071067811865477,-0.2967128192734901,-0.7071067811865477,-0.2967128192734901,50,31066.682,
-0.9172227762887241,28.994640481271425,-0.4581483844610815,-0.00148864630760242,-0.9281428211586902,18.48350965818513,-0.44509942180228457,0.001163890138151871,-0.9243404691706192,34.04481240562202,-0.5307791155923288,0.0011627650086394475,-0.9207652033830045,23.46348405605564,-0.23356408437497453,0.0013155702536763168,2022-07-19 22:00:00+00:00,19,22,1,200,-0.5000000000000004,-0.2967128192734901,-0.5000000000000004,-0.2967128192734901,51,30852.605,
-0.9213105404226142,29.897969831836754,-0.5183541195209614,-0.0007980446401934583,-0.9286383879093199,18.354524751040355,-0.425281544009509,0.0013615728097163648,-0.9263992319142758,34.47901614589383,-0.6058544570975563,0.0017545270606591564,-0.9222792440826922,23.59032000709157,-0.2781243120275923,0.001906898346345833,2022-07-19 23:00:00+00:00,19,23,1,200,-0.2588190451025207,-0.2967128192734901,-0.2588190451025207,-0.2967128192734901,52,31218.236,
-0.9243763635230318,29.93903025686245,-0.4581483844610815,-0.0002061003538428395,-0.9286383879093199,18.320581354423307,-0.425281544009509,0.0016580968170629934,-0.9279433039720183,34.53614821698223,-0.6621609632264768,0.0024449161213487233,-0.9222792440826922,23.820210168344204,-0.30486044861916295,0.0024982264390153493,2022-07-20 00:00:00+00:00,20,0,2,201,0.0,-0.31310704093582625,0.0,-0.31310704093582625,53,31492.715,
-0.9264202455899769,29.548956219118335,-0.4982855411676681,8.987178933252596e-05,-0.9296295214105794,18.307003995776487,-0.4153726051131212,0.0017569381528452404,-0.9284579946579323,34.13622371936346,-0.6809297986027836,0.0027407971473586337,-0.9227839243159215,23.97875510713912,-0.37615681286335134,0.002990999849573261,2022-07-20 01:00:00+00:00,20,1,2,201,0.25881904510252074,-0.31310704093582625,0.25881904510252074,-0.31310704093582625,54,31406.14,
-0.9279531571401858,29.210207712656334,-0.5283884086976081,0.0005831586946246895,-0.9296295214105794,18.51066437547877,-0.3955547273203457,0.0017569381528452404,-0.9289726853438465,34.113370890928095,-0.6621609632264768,0.002938051164698462,-0.9232886045491508,23.883628143862165,-0.38506885839387484,0.0032866638959079633,2022-07-20 02:00:00+00:00,20,2,2,201,0.49999999999999994,-0.31310704093582625,0.49999999999999994,-0.31310704093582625,55,31283.688,
-0.9289750981736583,28.95358005624573,-0.5384226978742547,0.000977788218858398,-0.9296295214105794,18.435988902921267,-0.4054636662167334,0.0019546208244097343,-0.9289726853438465,33.850563363921474,-0.6715453809146302,0.0032339321907083724,-0.9232886045491508,23.756792192826236,-0.36724476733282785,0.00368088262435427,2022-07-20 03:00:00+00:00,20,3,2,201,0.7071067811865475,-0.31310704093582625,0.7071067811865475,-0.31310704093582625,56,31140.977,
-0.9320409212740759,28.66615708106585,-0.5384226978742547,0.0016683898862673598,-0.9316117884130982,18.531030413449,-0.37573684952757014,0.002448827503320857,-0.9289726853438465,33.782004878615396,-0.6809297986027836,0.003628440225388141,-0.9237932847823801,23.50312029075437,-0.39398090392439844,0.004173656034912181,2022-07-20 04:00:00+00:00,20,4,2,201,0.8660254037844386,-0.31310704093582625,0.8660254037844386,-0.31310704093582625,57,31000.154,
-0.9345957738577572,28.29661325583458,-0.4982855411676681,0.0024576489347348887,-0.9311162216624684,19.114856835262213,-0.32619215504563126,0.0029430341822319793,-0.9294873760297607,33.43921245208502,-0.690314216290937,0.004318829286077708,-0.9248026452488386,23.392138833597926,-0.44745317710753973,0.0049620934918049074,2022-07-20 05:00:00+00:00,20,5,2,201,0.9659258262890683,-0.31310704093582625,0.9659258262890683,-0.31310704093582625,58,30953.305,
-0.9325518917908122,28.727747718604398,-0.43807980610778835,0.0027536210779101422,-0.9301250881612091,19.223475704436762,-0.30637427725285565,0.003634923532707483,-0.92691392260019,33.41635962364967,-0.6527765455383233,0.005009218346767387,-0.9248026452488386,23.439702315236403,-0.42962908604649264,0.005651976266585916,2022-07-20 06:00:00+00:00,20,6,2,201,1.0,-0.31310704093582625,1.0,-0.31310704093582625,59,31012.074,
-0.9269312161067131,29.199942606399908,-0.33773691434132197,0.003444222745319216,-0.9311162216624684,19.046970042028118,-0.2766474605636924,0.004227971547400853,-0.9227963971128766,34.15907654779881,-0.5213946979041755,0.0056009803987870956,-0.9237932847823801,23.376284339718435,-0.42962908604649264,0.006144749677143828,2022-07-20 07:00:00+00:00,20,7,2,201,0.9659258262890683,-0.31310704093582625,0.9659258262890683,-0.31310704093582625,60,31223.02,
-0.922843451972823,29.446305156554093,-0.38790836022455516,0.0039375096506113795,-0.9316117884130982,18.87046437961947,-0.22710276608175348,0.004821019562094222,-0.9197082529973918,33.82771053548612,-0.5213946979041755,0.006192742450806804,-0.9212698836162337,23.352502598899196,-0.38506885839387484,0.006736077769813344,2022-07-20 08:00:00+00:00,20,8,2,201,0.8660254037844387,-0.31310704093582625,0.8660254037844387,-0.31310704093582625,61,31322.05,
-0.9182447173221966,29.384714519015542,-0.40797693857784834,0.004332139174845088,-0.9306206549118388,18.50387569615536,-0.21719382718536565,0.005611750248351973,-0.9166201088819069,33.91912184922755,-0.4838570271515617,0.006685877494156543,-0.9192511626833166,22.868940535574705,-0.39398090392439844,0.007031741816148046,2022-07-20 09:00:00+00:00,20,9,2,201,0.7071067811865476,-0.31310704093582625,0.7071067811865476,-0.31310704093582625,62,31176.926,
-0.915178894221779,29.507895794092633,-0.37787407104790843,0.004825426080137252,-0.9316117884130982,18.307003995776487,-0.17755807159981452,0.0062047982630453425,-0.9150760368241644,33.55347659426182,-0.47447260946340836,0.00727763954617614,-0.9187464824500874,21.973161631383423,-0.36724476733282785,0.007524515226705958,2022-07-20 10:00:00+00:00,20,10,2,201,0.49999999999999994,-0.31310704093582625,0.49999999999999994,-0.31310704093582625,63,30996.074,
-0.90955821853768,29.548956219118335,-0.3979426494012017,0.00522005560437096,-0.9301250881612091,18.089766257427385,-0.17755807159981452,0.006896687613520959,-0.9125025833945936,33.233536996166805,-0.47447260946340836,0.007770774589525878,-0.9177371219836288,21.56094479051664,-0.30486044861916295,0.00801728863726387,2022-07-20 11:00:00+00:00,20,11,2,201,0.258819045102521,-0.31310704093582625,0.258819045102521,-0.31310704093582625,64,30817.027,
-0.9075143364707349,29.559221325374754,-0.35780549269461515,0.005713342509663124,-0.9291339546599495,18.035456822840107,-0.14783125491065127,0.0073908942924320814,-0.9114732020227654,33.03928795446625,-0.47447260946340836,0.00816528262420576,-0.916223081283941,21.63229001297435,-0.26921226649706875,0.008214398001487079,2022-07-20 12:00:00+00:00,20,12,2,201,1.2246467991473532e-16,-0.31310704093582625,1.2246467991473532e-16,-0.31310704093582625,65,30694.371,22.0
-0.90955821853768,29.610546856656875,-0.37787407104790843,0.006305286796013742,-0.9291339546599495,17.981147388252836,-0.10819549932510014,0.007786259635560957,-0.9125025833945936,32.902170983854106,-0.4838570271515617,0.008658417667555497,-0.9152137208174824,21.624362766034604,-0.2513881754360216,0.008411507365710289,2022-07-20 13:00:00+00:00,20,13,2,201,-0.25881904510252035,-0.31310704093582625,-0.25881904510252035,-0.31310704093582625,66,30617.848,
-0.9085362775042074,29.63107706916972,-0.3678397818712619,0.006601258939188996,-0.9286383879093199,17.899683236371917,-0.068559743739549,0.008181624978689832,-0.9094144392791087,33.233536996166805,-0.512010280216022,0.008855671684895325,-0.9136996801177947,21.719489729311558,-0.26921226649706875,0.008608616729933386,2022-07-20 14:00:00+00:00,20,14,2,201,-0.5000000000000001,-0.31310704093582625,-0.5000000000000001,-0.31310704093582625,67,30625.38,
-0.9070033659539987,29.68240260045184,-0.38790836022455516,0.006897231082364361,-0.9286383879093199,17.933626632988965,-0.058650804843161264,0.008576990321818708,-0.910958511336851,33.279242653037514,-0.5213946979041755,0.009151552710905236,-0.9126903196513361,21.949379890564185,-0.2781243120275923,0.008805726094156596,2022-07-20 15:00:00+00:00,20,15,2,201,-0.7071067811865475,-0.31310704093582625,-0.7071067811865475,-0.31310704093582625,68,30695.785,
-0.9064923954372623,29.877439619323905,-0.41801122775449506,0.007291860606598069,-0.9286383879093199,17.94720399163579,-0.068559743739549,0.008873514329165449,-0.9130172740805077,33.473491694738065,-0.5307791155923288,0.009447433736915034,-0.9126903196513361,22.353669484491224,-0.2870363575581158,0.009101390140491297,2022-07-20 16:00:00+00:00,20,16,2,201,-0.8660254037844384,-0.31310704093582625,-0.8660254037844384,-0.31310704093582625,69,30813.059,
-0.9080253069874712,29.99035578814457,-0.43807980610778835,0.007686490130831778,-0.9296295214105794,18.042245502163517,-0.09828656042871241,0.009170038336512077,-0.9145613461382502,33.450638866302704,-0.5401635332804823,0.009841941771594804,-0.9142043603510239,22.21890628651554,-0.31377249414968644,0.009495608868937603,2022-07-20 17:00:00+00:00,20,17,2,201,-0.9659258262890683,-0.31310704093582625,-0.9659258262890683,-0.31310704093582625,70,30920.154,
-0.90955821853768,30.072476638195962,-0.4982855411676681,0.008179777036123942,-0.9306206549118388,18.15086437133807,-0.13792231601426355,0.0096642450154232,-0.9155907275100785,33.622035079567894,-0.5683167863449425,0.010236449806274571,-0.9157184010507118,22.17134280487707,-0.35833272180230424,0.009692718233160813,2022-07-20 18:00:00+00:00,20,18,2,201,-1.0,-0.31310704093582625,-1.0,-0.31310704093582625,71,31031.006,
-0.9182447173221966,31.098987263838378,-0.638765589640721,0.01005426727623414,-0.9330984886649875,20.078849299186356,-0.4748262384914479,0.011245706387938814,-0.9274286132861042,33.142125682425366,-0.7466207224198576,0.01161722792765393,-0.9172324417503995,26.031912064533287,-0.5543977234738224,0.011072483782723056,2022-07-20 21:00:00+00:00,20,21,2,201,-0.7071067811865477,-0.31310704093582625,-0.7071067811865477,-0.31310704093582625,72,31923.648,
-0.9345957738577572,27.136656248858653,-0.6789027463473076,0.011336813229993721,-0.9335940554156171,19.25741910105381,-0.5342798718697745,0.01243180241732544,-0.9366930456325588,33.050714368683934,-0.7841583931724712,0.012406243997013467,-0.9232886045491508,26.35692918906287,-0.6346061332485344,0.011762366557503953,2022-07-21 00:00:00+00:00,21,0,3,202,0.0,-0.3294084822245298,0.0,-0.3294084822245298,73,31489.04,
-0.945326154709219,26.972414548755864,-0.7090056138772475,0.011632785373169198,-0.937558589420655,19.38640400819859,-0.5045530551806112,0.012926009096236563,-0.9413252618057862,36.878563131606455,-0.8404648993013919,0.012110362971003668,-0.9278307266482142,26.95939995648355,-0.6524302243095814,0.011368147829057759,2022-07-21 03:00:00+00:00,21,3,3,202,0.7071067811865475,-0.3294084822245298,0.7071067811865475,-0.3294084822245298,74,31260.03,
-0.9412383905753288,27.38301879901283,-0.7290741922305408,0.012224729659519706,-0.9380541561712846,19.807302126249976,-0.5838245663517134,0.013321374439365551,-0.940295880433958,-0.9542943431292833,-0.8967714054303124,0.012504871005683324,-0.9288400871146728,-0.6749828754704209,-0.7237265885537699,0.011762366557503953,2022-07-21 06:00:00+00:00,21,6,3,202,1.0,-0.3294084822245298,1.0,-0.3294084822245298,75,25202.328,
-0.9233544224895593,35.15370423512593,-0.8394513731736538,0.012619359183753526,-0.9330984886649875,20.934222893935946,-0.5739156274553256,0.014408629132969931,-0.9294873760297607,2.325086537344639,-0.9061558231184658,0.012800752031693348,-0.9258120057152972,1.172065661490358,-0.7771988617369112,0.01186092123961567,2022-07-21 09:00:00+00:00,21,9,3,202,0.7071067811865476,-0.3294084822245298,0.7071067811865476,-0.3294084822245298,76,23518.238,
-0.9218215109393504,7.899847124319756,-0.749142770583834,0.012619359183753526,-0.9306206549118388,21.212558746195732,-0.6135513830408766,0.015100518483445548,-0.9212523250551342,2.2222488093855266,-0.9249246584947726,0.012702125023023265,-0.9227839243159215,14.86242112643141,-0.8574072715116232,0.01146670251116925,2022-07-21 12:00:00+00:00,21,12,3,202,1.2246467991473532e-16,-0.3294084822245298,1.2246467991473532e-16,-0.3294084822245298,77,20847.943,
-0.920799569905878,6.144513954471222,-0.8294170839970072,0.012027414897402795,-0.9311162216624684,22.60423800749467,-0.6432781997300401,0.014803994476098918,-0.9155907275100785,39.86085724242072,-0.9530779115592329,0.01181448194499387,-0.9207652033830045,20.181603823000863,-0.7148145430232464,0.01077681973638813,2022-07-21 15:00:00+00:00,21,15,3,202,-0.7071067811865475,-0.3294084822245298,-0.7071067811865475,-0.3294084822245298,78,21460.594,
-0.9202885993891418,8.700525412320841,-0.8394513731736538,0.011336813229993721,-0.9326029219143577,-0.6537773545061178,-0.6829139553155912,0.014606311804534424,-0.9217670157410485,38.04405738180973,-0.9624623292473863,0.01132134690164413,-0.9177371219836288,24.517807899041834,-0.661342269840105,0.009791272915272306,2022-07-21 18:00:00+00:00,21,18,3,202,-1.0,-0.3294084822245298,-1.0,-0.3294084822245298,79,21787.877,
-0.9299970392071308,7.0170479862672765,-0.8294170839970072,0.011336813229993721,-0.9340896221662468,-0.6130452785656612,-0.7027318331083667,0.014606311804534424,-0.9274286132861042,37.14137065861308,-0.8780025700540054,0.011124092884304191,-0.9227839243159215,-0.7938915795666084,-0.661342269840105,0.009692718233160813,2022-07-21 21:00:00+00:00,21,21,3,202,-0.7071067811865477,-0.3294084822245298,-0.7071067811865477,-0.3294084822245298,80,17013.29,
-0.9386835379916475,2.9007403774411844,-0.8093485056437139,0.010646211562584872,-0.9350807556675064,-0.6809320717997558,-0.7225497109011423,0.013914422454058809,-0.9300020667156749,39.75801951446161,-0.8310804816132383,0.010335076814944654,-0.9263166859485265,-0.0804393549894835,-0.6078699966569636,0.009101390140491297,2022-07-22 00:00:00+00:00,22,0,4,203,0.0,-0.3456123126707333,0.0,-0.3456123126707333,81,16960.473,21.4
-0.9412383905753288,1.8331693267730709,-0.7692113489371274,0.009462322989883634,-0.9345851889168766,-0.416173578186787,-0.7126407720047545,0.012629485088889935,-0.9320608294593316,-0.5543698455105123,-0.8216960639250849,0.008855671684895325,-0.927326046414985,0.3079957450580623,-0.5900459055959166,0.007524515226705958,2022-07-22 03:00:00+00:00,22,3,4,203,0.7071067811865475,-0.3456123126707333,0.7071067811865475,-0.3456123126707333,82,10370.922,
-0.9356177148912298,0.09836636943738615,-0.7391084814071874,0.00857440656035765,-0.9335940554156171,-0.15820376389722776,-0.6829139553155912,0.011739913066849936,-0.9320608294593316,39.963694970379834,-0.8498493169895452,0.00816528262420576,-0.927326046414985,0.839121290021033,-0.6167820421874872,0.006637523087701739,2022-07-22 06:00:00+00:00,22,6,4,203,1.0,-0.3456123126707333,1.0,-0.3456123126707333,83,10635.412,
-0.9238653930062956,1.586806776618891,-0.638765589640721,0.007982462274007144,-0.9345851889168766,0.4799320925032609,-0.5739156274553256,0.01164107173106769,-0.9263992319142758,0.5996979904750841,-0.8310804816132383,0.007869401598195849,-0.9237932847823801,0.21286878178111238,-0.7148145430232464,0.006440413723478642,2022-07-22 09:00:00+00:00,22,9,4,203,0.7071067811865476,-0.3456123126707333,0.7071067811865476,-0.3456123126707333,84,10376.428,
-0.9192666583556691,2.4285454896456726,-0.5986284329341345,0.00748917536871498,-0.9340896221662468,-0.0020641394588103937,-0.6432781997300401,0.01134454772372106,-0.9207376343692201,-0.9542943431292833,-0.7653895577961645,0.00747489356351608,-0.9182418022168581,-0.6274193938319459,-0.919791590225288,0.006046194995032223,2022-07-22 12:00:00+00:00,22,12,4,203,1.2246467991473532e-16,-0.3456123126707333,1.2246467991473532e-16,-0.3456123126707333,85,4960.5415,
-0.915178894221779,3.5885024966216044,-0.638765589640721,0.006206629414955287,-0.9330984886649875,23.167698391337655,-0.6829139553155912,0.010356134365898816,-0.9145613461382502,38.74106864908816,-0.7372363047317042,0.006192742450806804,-0.9248026452488386,19.412660869845517,-0.5633097690043459,0.0051592028560280044,2022-07-22 15:00:00+00:00,22,15,4,203,-0.7071067811865475,-0.3456123126707333,-0.7071067811865475,-0.3456123126707333,86,16711.97,
-0.9156898647385152,2.664642933543429,-0.6889370355239542,0.005022740842254162,-0.9330984886649875,22.651758762758536,-0.6630960775228156,0.009268879672294325,-0.9140466554523361,39.27811011731908,-0.7466207224198576,0.005206472364107327,-0.9142043603510239,21.434108839480707,-0.7415506796148169,0.003976546670689084,2022-07-22 18:00:00+00:00,22,18,4,203,-1.0,-0.3456123126707333,-1.0,-0.3456123126707333,87,25163.215,
-0.9264202455899769,0.27287317579659714,-0.7591770597604807,0.005417370366487871,-0.935576322418136,22.84863046313741,-0.692822894211979,0.008972355664947583,-0.9222817064269626,39.02672900453014,-0.7841583931724712,0.005502353390117125,-0.9136996801177947,27.3319805626516,-0.6524302243095814,0.004469320081246996,2022-07-22 21:00:00+00:00,22,21,4,203,-0.7071067811865477,-0.3456123126707333,-0.7071067811865477,-0.3456123126707333,88,25303.445,
-0.9294860686903945,0.6732123197971398,-0.749142770583834,0.005121398223312505,-0.9370630226700253,22.11545309620919,-0.7720944053830812,0.008379307650254327,-0.9325755201452457,38.4439818794285,-0.7935428108606247,0.005403726381447155,-0.9242979650156093,25.08064243176379,-0.6167820421874872,0.004469320081246996,2022-07-23 00:00:00+00:00,23,0,5,204,0.0,-0.3617137307297674,0.0,-0.3617137307297674,89,24836.602,
-0.934084803341021,0.12916168820665874,-0.779245638113774,0.0044307965559035436,-0.9370630226700253,22.400577627792387,-0.6531871386264279,0.006896687613520959,-0.9428693338635288,-0.8171773725171333,-0.8498493169895452,0.004614710312087618,-0.9318681685140484,27.276489834073384,-0.7861109072674347,0.0034837732601311726,2022-07-23 06:00:00+00:00,23,6,5,204,1.0,-0.3617137307297674,1.0,-0.3617137307297674,90,19458.514,
-0.9172227762887241,4.974291841238867,-0.7692113489371274,0.0045294539369619986,-0.9311162216624684,21.518049315749156,-0.7720944053830812,0.006896687613520959,-0.9052969137917953,21.110111511209197,-0.9249246584947726,0.004022948260067909,-0.9227839243159215,12.539737773085884,-0.7682868162063877,0.0037794373064658745,2022-07-23 12:00:00+00:00,23,12,5,204,1.2246467991473532e-16,-0.3617137307297674,1.2246467991473532e-16,-0.3617137307297674,91,17294.719,
-0.9156898647385152,9.696240719193986,-0.6789027463473076,0.003345565364260761,-0.9316117884130982,20.710196476263434,-0.7919122831758567,0.006105956927263095,-0.8980912441889972,21.201522824950633,-0.8498493169895452,0.0016559000519891863,-0.9202605231497751,14.854493879491665,-0.7237265885537699,0.0023996717569037445,2022-07-23 18:00:00+00:00,23,18,5,204,-1.0,-0.3617137307297674,-1.0,-0.3617137307297674,92,20241.217,
-0.9243763635230318,12.693651746069843,-0.889622819056887,0.003345565364260761,-0.937558589420655,7.560524626819321,-0.8018212220722445,0.006105956927263095,-0.9197082529973918,15.739696828899989,-0.8498493169895452,0.0020504080866689547,-0.9136996801177947,12.032393968942149,-0.43854113157701624,0.0013155702536763168,2022-07-24 00:00:00+00:00,24,0,6,205,0.0,-0.37770796520396466,0.0,-0.37770796520396466,93,17551.438,
-0.9243763635230318,12.057215158171545,-0.8193827948203605,0.00186570464838427,-0.9370630226700253,4.933305728659863,-0.7126407720047545,0.004722178226311975,-0.9258845412283616,12.140376350331048,-0.7466207224198576,-0.0001193861040699402,-0.9157184010507118,11.70737684441257,-0.04641112823397997,-0.0020352889381174597,2022-07-24 06:00:00+00:00,24,6,6,205,1.0,-0.37770796520396466,1.0,-0.37770796520396466,94,14704.555,
-0.9105801595711526,13.165846633865355,-0.5584912762275479,0.0007804734567414877,-0.9316117884130982,4.96724912527691,-0.5243709329733868,0.0043268128831831,-0.9176494902537351,12.768829132303402,-0.6058544570975563,-0.0015987912341191562,-0.9157184010507118,11.390286966822737,-0.08205931035607406,-0.0033164998055680967,2022-07-24 12:00:00+00:00,24,12,6,205,1.2246467991473532e-16,-0.37770796520396466,1.2246467991473532e-16,-0.37770796520396466,95,13923.567,
-0.9141569531883064,12.909218977454751,-0.7692113489371274,-0.001587303688660875,-0.9311162216624684,3.528049108714106,-0.5045530551806112,0.002448827503320857,-0.9186788716255634,13.385855500058078,-0.6809297986027836,-0.004064466450867849,-0.916223081283941,11.525050164798415,-0.24247612990549805,-0.006174585586803961,2022-07-24 18:00:00+00:00,24,18,6,205,-1.0,-0.37770796520396466,-1.0,-0.37770796520396466,96,13976.236,
-0.9238653930062956,11.626080695401729,-0.779245638113774,-0.003165821785595821,-0.9311162216624684,2.143158526738577,-0.425281544009509,0.0008673661308052425,-0.9238257784847049,7.489825763735624,-0.756005140108011,-0.005445244572247095,-0.9187464824500874,20.593820663867646,-0.5187495413517281,-0.0069630230436965755,2022-07-25 00:00:00+00:00,25,0,0,206,0.0,-0.3935902766564669,0.0,-0.3935902766564669,97,14016.171,20.5
-0.9248873340397682,10.969113894990581,-0.8294170839970072,-0.006026885836290348,-0.9316117884130982,-0.04958489472267652,-0.2865563994600801,-0.0018013499353148638,-0.9253698505424475,-0.931441514693925,-0.756005140108011,-0.006826022693626341,-0.9192511626833166,21.27556390068579,-0.6435181787790579,-0.007258687090031389,2022-07-25 06:00:00+00:00,25,6,0,206,1.0,-0.3935902766564669,1.0,-0.3935902766564669,98,12871.729,
-0.9202885993891418,35.451392316562234,-0.779245638113774,-0.005730913693115095,-0.9311162216624684,23.059079522163103,-0.2072848882889779,-0.001504825927968123,-0.9125025833945936,39.09528748983621,-0.6152388747857097,-0.004557601494217588,-0.9096622382519605,25.310532593016415,-0.7593747706758641,-0.00568181217624605,2022-07-25 12:00:00+00:00,25,12,0,206,1.2246467991473532e-16,-0.3935902766564669,1.2246467991473532e-16,-0.3935902766564669,99,24834.633,
-0.9213105404226142,30.965540882504865,-0.638765589640721,-0.0050403120257060206,-0.9301250881612091,21.314388936046875,-0.07846868263593675,-0.0018013499353148638,-0.9125025833945936,37.769823440585434,-0.512010280216022,-0.002782315338158462,-0.9066341568525849,25.1519876542215,-0.35833272180230424,-0.0038092732161260083,2022-07-25 18:00:00+00:00,25,18,0,206,-1.0,-0.3935902766564669,-1.0,-0.3935902766564669,100,35042.336,
-0.9371506264414385,27.927069430603314,-0.46818267363772825,-0.002475220118186747,-0.9311162216624684,21.74207573342167,-0.19737594939259018,-0.0009117779132748658,-0.9320608294593316,36.43293297711697,-0.6527765455383233,0.0008668839826295371,-0.9268213661817557,24.55744413374056,-0.4207170405159691,0.0007242421610068005,2022-07-26 00:00:00+00:00,26,0,1,207,0.0,-0.40935595881562153,0.0,-0.40935595881562153,101,33123.023,
-0.934084803341021,27.906539218090465,-0.4481140952844349,-0.0013899889265439648,-0.932107355163728,21.64703422289394,-0.15774019380703902,0.000472000787676367,-0.9372077363184731,33.40493320943199,-0.690314216290937,0.0020504080866689547,-0.9288400871146728,24.192790774512257,-0.4118049949854456,0.00230111707479214,2022-07-26 06:00:00+00:00,26,6,1,207,1.0,-0.40935595881562153,1.0,-0.40935595881562153,102,32061.11,
-0.9121130711213614,30.65758769481214,-0.38790836022455516,0.001076445599916853,-0.9301250881612091,21.470528560485292,-0.2865563994600801,0.003832606204271977,-0.9140466554523361,35.4845405970496,-0.5307791155923288,0.0039243212513979395,-0.9172324417503995,25.524568260389557,-0.4207170405159691,0.004075101352800577,2022-07-26 12:00:00+00:00,26,12,1,207,1.2246467991473532e-16,-0.40935595881562153,1.2246467991473532e-16,-0.40935595881562153,103,32282.842,
-0.90955821853768,32.47451150219922,-0.6186970112874278,0.003345565364260761,-0.9311162216624684,21.029264404463678,-0.3460100328384068,0.00630363959882759,-0.9166201088819069,34.06766523405738,-0.5589323686567891,0.005403726381447155,-0.9142043603510239,25.302605346076675,-0.42962908604649264,0.0051592028560280044,2022-07-26 18:00:00+00:00,26,18,1,207,-1.0,-0.40935595881562153,-1.0,-0.40935595881562153,104,33062.03,
-0.928464127656922,30.000620894400996,-0.7190399030538942,0.005614685128604669,-0.935576322418136,20.289298358212047,-0.5243709329733868,0.007193211620867588,-0.9310314480875032,33.5077709373911,-0.7466207224198576,0.006981758520166342,-0.9278307266482142,25.286750852197184,-0.5900459055959166,0.006736077769813344,2022-07-27 00:00:00+00:00,27,0,2,208,0.0,-0.42500033996955394,0.0,-0.42500033996955394,105,32713.22,
